ID,Name,First Shown Date,Last Shown Date,Estimated Audience,Image URLs,Video URLs,Cover Images
1766796226770961,PROCTER & GAMBLE LIMITED,2023-06-01 00:00:00,2023-06-30 00:00:00,1M-10M,https://p21-ad-sg.ibyteimg.com/origin/tos-alisg-p-0051c001-sg/oQl6QkuQnQhVgubEA7eGQ1NnHBb8kfBIDRgZDb,https://v16m.tiktokcdn.com/b1a9d03427e493ffad9f4ef035a9292c/64cd0f08/video/tos/alisg/tos-alisg-v-0000/oIyoofzBmBArLE5TwuhIMCAAQQdwWND9NytwjV/?a=475769&ch=0&cr=0&dr=3&cd=0%7C0%7C0%7C0&cv=1&br=5828&bt=2914&cs=0&ds=3&ft=d2A~l-Inz7Tjp2~fiyq8Z&mime_type=video_mp4&qs=0&rc=ZGk0Zjk4NTk1ZGY4ZDw8O0BpMzZvNmc6Zjw3azMzODYzNEBhY141YzE2XzMxM2E1M2IuYSNsbzRocjRvL2tgLS1kMC1zcw%3D%3D&l=20230804084516AFD0C55B9773183612F3&btag=e00088000&cc=3,https://p21-ad-sg.ibyteimg.com/origin/tos-alisg-p-0051c001-sg/oQl6QkuQnQhVgubEA7eGQ1NnHBb8kfBIDRgZDb
1766796226627634,PROCTER & GAMBLE LIMITED,2023-06-01 00:00:00,2023-06-30 00:00:00,1M-10M,https://p19-csp-adlib-site-sign-sg.ibyteimg.com/v0201/o8kkBcfWDPSeK7gANgRIb6rTNB6InBGYDbtQEQ~tplv-xg5h56rn01-webp-75:540:960.webp?x-expires=1722674718&x-signature=KjKF6MQa6kX2vCB9t2%2F7RqMvbRY%3D,https://v16m.tiktokcdn.com/7e3a0bff39aacaf58b25181cbb913f93/64cd0f0d/video/tos/alisg/tos-alisg-ve-0051c001-sg/oUXQyEEnuMyAd1rQ9NhoAfNBmAKzVwAoEIt5FC/?a=475769&ch=0&cr=0&dr=3&cd=0%7C0%7C0%7C0&cv=1&br=4578&bt=2289&cs=0&ds=3&ft=d2A~l-Inz7Tjp2~fiyq8Z&mime_type=video_mp4&qs=0&rc=OGY8OWY0aDs4Mzg1aDpmN0BpajVqeWY6Zm03azMzODYzNEBhNDFgLi5jXmAxYl9jNDRhYSNiXjVecjRvLWtgLS1kMC1zcw%3D%3D&l=20230804084516AFD0C55B9773183612F3&btag=e00088000&cc=3,https://p19-csp-adlib-site-sign-sg.ibyteimg.com/v0201/o8kkBcfWDPSeK7gANgRIb6rTNB6InBGYDbtQEQ~tplv-xg5h56rn01-webp-75:540:960.webp?x-expires=1722674718&x-signature=KjKF6MQa6kX2vCB9t2%2F7RqMvbRY%3D
1766796226631714,PROCTER & GAMBLE LIMITED,2023-06-01 00:00:00,2023-06-30 00:00:00,1M-10M,https://p21-ad-sg.ibyteimg.com/origin/tos-alisg-p-0051c001-sg/oU2EDfbngEVAbdIG8QSpl3kIuCPA3DFPeCmeIA,https://v16m.tiktokcdn.com/1795ff850f6847969e4956f47a204225/64cd0f0c/video/tos/alisg/tos-alisg-ve-0051c001-sg/oYWFIgp8enARQEEDHIeVDbIQxGdAkC83EfbtuD/?a=475769&ch=0&cr=0&dr=3&cd=0%7C0%7C0%7C0&cv=1&br=4814&bt=2407&cs=0&ds=3&ft=d2A~l-Inz7Tjp2~fiyq8Z&mime_type=video_mp4&qs=0&rc=MztpOzY7PDQ3aTY4NjM5Z0Bpajd3M2Q6Zmk3azMzODYzNEAyXmE1LjZiX2MxYF80NDFeYSNob2dzcjRnLmtgLS1kMC1zcw%3D%3D&l=20230804084516AFD0C55B9773183612F3&btag=e00088000&cc=3,https://p21-ad-sg.ibyteimg.com/origin/tos-alisg-p-0051c001-sg/oU2EDfbngEVAbdIG8QSpl3kIuCPA3DFPeCmeIA
1751097067252785,L'OREAL (U.K.) LIMITED,2022-12-05 00:00:00,2022-12-07 00:00:00,1M-10M,https://p16-csp-adlib-site-sign-sg.ibyteimg.com/v0201/o8yxoEbIzQ8iOA0QwhtWAkAl0fy12xABsK6mlJ~tplv-xg5h56rn01-webp-75:540:960.webp?x-expires=1722674718&x-signature=tY7K9pWeV%2FslFICumuSiNXzmcH0%3D,https://v16m.tiktokcdn.com/1994d126d69393aa1617977efe3ef993/64cd0f0d/video/tos/alisg/tos-alisg-v-0000/oUljUjEhHA0VgN0KgQe0i0Qn3bqhobdDBDBeJo/?a=475769&ch=0&cr=0&dr=3&cd=0%7C0%7C0%7C0&cv=1&br=4262&bt=2131&cs=0&ds=3&ft=d2A~l-Inz7Tjp2~fiyq8Z&mime_type=video_mp4&qs=0&rc=aGVnaWg0MzM0O2Q5OWQ3ZkBpM2o2Z2Q6Zmd3aDMzODYzNEAwLTI2LWFiNjUxNC42MzViYSNxNV5tcjRvLzFgLS1kMC1zcw%3D%3D&l=20230804084516AFD0C55B9773183612F3&btag=e00088000&cc=3,https://p16-csp-adlib-site-sign-sg.ibyteimg.com/v0201/o8yxoEbIzQ8iOA0QwhtWAkAl0fy12xABsK6mlJ~tplv-xg5h56rn01-webp-75:540:960.webp?x-expires=1722674718&x-signature=tY7K9pWeV%2FslFICumuSiNXzmcH0%3D
1758079717220369,Hype Puffer Case,2023-02-17 00:00:00,2023-03-11 00:00:00,1M-10M,,https://v16m.tiktokcdn.com/115a2bd01b67d04ca4de37d1dd0c2fe4/64cd0f0b/video/tos/useast2a/tos-useast2a-ve-0068c002/ocx7nbP7EDJJoNbQUgjQ8BcvQlR2AeeOjBdDQA/?a=475769&ch=0&cr=0&dr=3&cd=0%7C0%7C0%7C0&cv=1&br=2428&bt=1214&cs=0&ds=6&ft=d2A~l-Inz7Tjp2~fiyq8Z&mime_type=video_mp4&qs=0&rc=aTxpaDkzZGY5NjllO2g0M0BpajtqazY6ZnhwaTMzNzczM0AzMGNgYDFhNmExNmJeLjQuYSMwcmxucjRvbGtgLS1kMTZzcw%3D%3D&l=20230804084516AFD0C55B9773183612F3&btag=e00088000&cc=3,https://p16-sign-va.tiktokcdn.com/tos-maliva-p-0068/f96b98d7a6b5410fa3005f99e80cdc6f_1676635346~tplv-noop.image?x-expires=1691160331&x-signature=u%2FMGxlS6fz2Q350iGGnuCX7Yf8s%3D
1766795534300178,PROCTER & GAMBLE LIMITED,2023-05-26 00:00:00,2023-05-31 00:00:00,1M-10M,https://p21-ad-sg.ibyteimg.com/origin/tos-alisg-p-0051c001-sg/oQl6QkuQnQhVgubEA7eGQ1NnHBb8kfBIDRgZDb,https://v16m.tiktokcdn.com/b1a9d03427e493ffad9f4ef035a9292c/64cd0f08/video/tos/alisg/tos-alisg-v-0000/oIyoofzBmBArLE5TwuhIMCAAQQdwWND9NytwjV/?a=475769&ch=0&cr=0&dr=3&cd=0%7C0%7C0%7C0&cv=1&br=5828&bt=2914&cs=0&ds=3&ft=d2A~l-Inz7Tjp2~fiyq8Z&mime_type=video_mp4&qs=0&rc=ZGk0Zjk4NTk1ZGY4ZDw8O0BpMzZvNmc6Zjw3azMzODYzNEBhY141YzE2XzMxM2E1M2IuYSNsbzRocjRvL2tgLS1kMC1zcw%3D%3D&l=20230804084516AFD0C55B9773183612F3&btag=e00088000&cc=3,https://p21-ad-sg.ibyteimg.com/origin/tos-alisg-p-0051c001-sg/oQl6QkuQnQhVgubEA7eGQ1NnHBb8kfBIDRgZDb
1766795534292018,PROCTER & GAMBLE LIMITED,2023-05-26 00:00:00,2023-05-31 00:00:00,1M-10M,https://p19-csp-adlib-site-sign-sg.ibyteimg.com/v0201/o8kkBcfWDPSeK7gANgRIb6rTNB6InBGYDbtQEQ~tplv-xg5h56rn01-webp-75:540:960.webp?x-expires=1722674718&x-signature=KjKF6MQa6kX2vCB9t2%2F7RqMvbRY%3D,https://v16m.tiktokcdn.com/7e3a0bff39aacaf58b25181cbb913f93/64cd0f0d/video/tos/alisg/tos-alisg-ve-0051c001-sg/oUXQyEEnuMyAd1rQ9NhoAfNBmAKzVwAoEIt5FC/?a=475769&ch=0&cr=0&dr=3&cd=0%7C0%7C0%7C0&cv=1&br=4578&bt=2289&cs=0&ds=3&ft=d2A~l-Inz7Tjp2~fiyq8Z&mime_type=video_mp4&qs=0&rc=OGY8OWY0aDs4Mzg1aDpmN0BpajVqeWY6Zm03azMzODYzNEBhNDFgLi5jXmAxYl9jNDRhYSNiXjVecjRvLWtgLS1kMC1zcw%3D%3D&l=20230804084516AFD0C55B9773183612F3&btag=e00088000&cc=3,https://p19-csp-adlib-site-sign-sg.ibyteimg.com/v0201/o8kkBcfWDPSeK7gANgRIb6rTNB6InBGYDbtQEQ~tplv-xg5h56rn01-webp-75:540:960.webp?x-expires=1722674718&x-signature=KjKF6MQa6kX2vCB9t2%2F7RqMvbRY%3D
1766873428758578,WELLA UK LTD,2023-06-01 00:00:00,2023-06-30 00:00:00,1M-10M,https://p21-ad-sg.ibyteimg.com/origin/tos-alisg-p-0051c001-sg/oEmHByMDQe5GgL3C6efP2DQbg6A5CGsA11nIgG,https://v16m.tiktokcdn.com/cfb7b3b50849c344f9c9d84c93324488/64cd0f10/video/tos/alisg/tos-alisg-ve-0051c001-sg/o0Z6g5AQgH6BhHHDsyIGePFC3RfGgMl2AAe52b/?a=475769&ch=0&cr=0&dr=3&cd=0%7C0%7C0%7C0&cv=1&br=1676&bt=838&cs=0&ds=3&ft=d2A~l-Inz7Tjp2~fiyq8Z&mime_type=video_mp4&qs=0&rc=NTZkOWg8PGg6ZDU4aGY7N0BpM2g0cmk6ZjpwazMzODYzNEA1YjJjMWJjXmIxY15iNmAwYSNmM2A0cjRfNWtgLS1kMC1zcw%3D%3D&l=20230804084516AFD0C55B9773183612F3&btag=e00088000&cc=3,https://p21-ad-sg.ibyteimg.com/origin/tos-alisg-p-0051c001-sg/oEmHByMDQe5GgL3C6efP2DQbg6A5CGsA11nIgG
1766795534296098,PROCTER & GAMBLE LIMITED,2023-05-26 00:00:00,2023-05-31 00:00:00,1M-10M,https://p21-ad-sg.ibyteimg.com/origin/tos-alisg-p-0051c001-sg/oU2EDfbngEVAbdIG8QSpl3kIuCPA3DFPeCmeIA,https://v16m.tiktokcdn.com/1795ff850f6847969e4956f47a204225/64cd0f0c/video/tos/alisg/tos-alisg-ve-0051c001-sg/oYWFIgp8enARQEEDHIeVDbIQxGdAkC83EfbtuD/?a=475769&ch=0&cr=0&dr=3&cd=0%7C0%7C0%7C0&cv=1&br=4814&bt=2407&cs=0&ds=3&ft=d2A~l-Inz7Tjp2~fiyq8Z&mime_type=video_mp4&qs=0&rc=MztpOzY7PDQ3aTY4NjM5Z0Bpajd3M2Q6Zmk3azMzODYzNEAyXmE1LjZiX2MxYF80NDFeYSNob2dzcjRnLmtgLS1kMC1zcw%3D%3D&l=20230804084516AFD0C55B9773183612F3&btag=e00088000&cc=3,https://p21-ad-sg.ibyteimg.com/origin/tos-alisg-p-0051c001-sg/oU2EDfbngEVAbdIG8QSpl3kIuCPA3DFPeCmeIA
1756103567763490,Hype Puffer Case,2023-01-26 00:00:00,2023-02-06 00:00:00,1M-10M,,,
1758898593674257,Hype Puffer Case,2023-02-26 00:00:00,2023-04-10 00:00:00,1M-10M,,https://v16m.tiktokcdn.com/a84605f8b39cb2e3d80e10bf614f0487/64cd0f08/video/tos/useast2a/tos-useast2a-pve-0068/ogC1jKnVef1bdC147EugSOtDgCK8QIH3CogA9f/?a=475769&ch=0&cr=0&dr=3&cd=0%7C0%7C0%7C0&cv=1&br=1626&bt=813&cs=0&ds=6&ft=d2A~l-Inz7Tjp2~fiyq8Z&mime_type=video_mp4&qs=0&rc=ZWY7NjNpNmc5Zzw6MzppOkBpanlybDU6ZnVvaTMzNzczM0AzMzVgL2NiNTQxMi8vLTZfYSNkby5kcjRfYnFgLS1kMTZzcw%3D%3D&l=20230804084516AFD0C55B9773183612F3&btag=e00088000&cc=3,https://p16-sign-va.tiktokcdn.com/tos-maliva-p-0068/3cf92a283da142029895e2e0a6bef8de_1677416309~tplv-noop.image?x-expires=1691160328&x-signature=ca5WyCp5kozhP9U7D9BZtvS%2FoM8%3D
1755816984335410,PROCTER & GAMBLE LIMITED,2023-02-01 00:00:00,2023-02-09 00:00:00,1M-10M,https://p19-csp-adlib-site-sign-sg.ibyteimg.com/v0201/okQB58jQcrwnmBlfg2Q0nbDpeDAN2FzJn67H9I~tplv-xg5h56rn01-webp-75:540:960.webp?x-expires=1722674718&x-signature=bDgtcNKaUu1HFkOx6LXGb8%2FToZo%3D,https://v16m.tiktokcdn.com/02afcf8bbf0ab9c62559ae43e332ae5c/64cd0f08/video/tos/alisg/tos-alisg-v-0000/oobLcy2ABABDf3gPS7nhQjR1zhM8nfNAn80DWX/?a=475769&ch=0&cr=0&dr=3&cd=0%7C0%7C0%7C0&cv=1&br=5156&bt=2578&cs=0&ds=3&ft=d2A~l-Inz7Tjp2~fiyq8Z&mime_type=video_mp4&qs=0&rc=ODM0NjQ7aDpoaTM0ZDxmO0BpanJldzc6Zmc6aTMzODYzNEBjMWJjLV4zNjIxMGEyYDRfYSNib2JlcjRncjRgLS1kMC1zcw%3D%3D&l=20230804084516AFD0C55B9773183612F3&btag=e00088000&cc=3,https://p19-csp-adlib-site-sign-sg.ibyteimg.com/v0201/okQB58jQcrwnmBlfg2Q0nbDpeDAN2FzJn67H9I~tplv-xg5h56rn01-webp-75:540:960.webp?x-expires=1722674718&x-signature=bDgtcNKaUu1HFkOx6LXGb8%2FToZo%3D
1757989678066722,Hype Puffer Case,2023-02-16 00:00:00,2023-02-26 00:00:00,1M-10M,,,
1755816984339458,PROCTER & GAMBLE LIMITED,2023-02-01 00:00:00,2023-02-09 00:00:00,900K-1M,https://p19-csp-adlib-site-sign-sg.ibyteimg.com/v0201/o0M9IggMOPA8fHAdFP5xDbHF2GRAfCynQe25cH~tplv-xg5h56rn01-webp-75:540:960.webp?x-expires=1722674718&x-signature=OQMEeuErRYLyiKRbBGt7YmUnJCc%3D,https://v16m.tiktokcdn.com/4663c9ca3dacf01e99b9421a78660d1a/64cd0f0b/video/tos/alisg/tos-alisg-v-0000/osFf58Hz5UfejAYPi5EAszcY0ffg85AaYYC7eA/?a=475769&ch=0&cr=0&dr=3&cd=0%7C0%7C0%7C0&cv=1&br=4862&bt=2431&cs=0&ds=3&ft=d2A~l-Inz7Tjp2~fiyq8Z&mime_type=video_mp4&qs=0&rc=NThpOWVoOTlkNWY5ZDo1O0BpM3l4cmg6Zjw6aTMzODYzNEAvNS81YGItNjMxYzA2MV9fYSNsNTQxcjRvczRgLS1kMC1zcw%3D%3D&l=20230804084516AFD0C55B9773183612F3&btag=e00088000&cc=3,https://p19-csp-adlib-site-sign-sg.ibyteimg.com/v0201/o0M9IggMOPA8fHAdFP5xDbHF2GRAfCynQe25cH~tplv-xg5h56rn01-webp-75:540:960.webp?x-expires=1722674718&x-signature=OQMEeuErRYLyiKRbBGt7YmUnJCc%3D
1747332133744690,"Albertsons Companies, Inc.",2022-10-21 00:00:00,2022-11-05 00:00:00,900K-1M,https://p19-csp-adlib-site-sign-sg.ibyteimg.com/v0201/b4a31d0dd3d54947a50a9614039c49cf~tplv-xg5h56rn01-webp-75:540:960.webp?x-expires=1722674718&x-signature=xAqGCAABBqs8OR3%2FP3%2B8VVnusx0%3D,https://v16m.tiktokcdn.com/3e48da2fecf112d26355e3dabfa4e4eb/64cd0f13/video/tos/alisg/tos-alisg-v-0000/d1f87ae37c504c05a0edb5501b0501d5/?a=475769&ch=0&cr=0&dr=3&cd=0%7C0%7C0%7C0&cv=1&br=5388&bt=2694&cs=0&ds=3&ft=d2A~l-Inz7Tjp2~fiyq8Z&mime_type=video_mp4&qs=0&rc=aDVmZWg8ZTQ7ZjM7Ozk4NkBpMzM1PDg6Zm5qZzMzODYzNEBgXzY2YS9hXjMxLjY0Xi0wYSM2YS4vcjRvYjZgLS1kMC1zcw%3D%3D&l=20230804084516AFD0C55B9773183612F3&btag=e00088000&cc=3,https://p19-csp-adlib-site-sign-sg.ibyteimg.com/v0201/b4a31d0dd3d54947a50a9614039c49cf~tplv-xg5h56rn01-webp-75:540:960.webp?x-expires=1722674718&x-signature=xAqGCAABBqs8OR3%2FP3%2B8VVnusx0%3D
1766949048680450,WELLA UK LTD,2023-06-01 00:00:00,2023-06-30 00:00:00,900K-1M,https://p16-csp-adlib-site-sign-sg.ibyteimg.com/v0201/ownQgVb0CSeHk8XDZ81BAdQWDcQBfI5gNx7TOn~tplv-xg5h56rn01-webp-75:540:960.webp?x-expires=1722674718&x-signature=CNe%2BwKo8J45vfinPRDx%2BSwYYhe4%3D,https://v16m.tiktokcdn.com/7466406c95cdc0f8144dedf8f9fd8009/64cd0f38/video/tos/alisg/tos-alisg-ve-0051c001-sg/owdHZxgOSDPmQd5kAWghIfQgb0Dj6BBQen1Nc8/?a=475769&ch=0&cr=0&dr=3&cd=0%7C0%7C0%7C0&cv=1&br=4108&bt=2054&cs=0&ds=3&ft=d2A~l-Inz7Tjp2~fiyq8Z&mime_type=video_mp4&qs=0&rc=ZjY2aWk1ODdlOWVmNzs8OkBpanlsNmc6Zjo6azMzODYzNEA0Y2FeLzRgNjYxMzU0Ly5gYSMybGZecjRfbmxgLS1kMC1zcw%3D%3D&l=20230804084516AFD0C55B9773183612F3&btag=e00088000&cc=3,https://p16-csp-adlib-site-sign-sg.ibyteimg.com/v0201/ownQgVb0CSeHk8XDZ81BAdQWDcQBfI5gNx7TOn~tplv-xg5h56rn01-webp-75:540:960.webp?x-expires=1722674718&x-signature=CNe%2BwKo8J45vfinPRDx%2BSwYYhe4%3D
1757351838360626,Hype Puffer Case,2023-02-09 00:00:00,2023-04-10 00:00:00,800K-900K,,https://v16m.tiktokcdn.com/c86657ac424f0db79cca2f5969e62512/64cd0f08/video/tos/useast2a/tos-useast2a-ve-0068c001/oY7BhBAfuIcEzRQQogE4seU7CGvvzNDBJ2CjTj/?a=475769&ch=0&cr=0&dr=3&cd=0%7C0%7C0%7C0&cv=1&br=2302&bt=1151&cs=0&ds=6&ft=d2A~l-Inz7Tjp2~fiyq8Z&mime_type=video_mp4&qs=0&rc=aDM8NWhnN2hnNGlmaGhmaEBpM2ZoNzc6ZnF1aTMzNzczM0BiYF8tNS8wNTYxXzE1Mi8wYSMwcXNocjRncmVgLS1kMTZzcw%3D%3D&l=20230804084516AFD0C55B9773183612F3&btag=e00088000&cc=3,https://p16-sign-va.tiktokcdn.com/tos-maliva-p-0068/00be3b3073604baaaa85e6d0f01f2765_1675870053~tplv-noop.image?x-expires=1691160328&x-signature=pIyzB%2FINHfht41KqovL34m5tBj4%3D
1751123286826017,L'OREAL (U.K.) LIMITED,2022-12-07 00:00:00,2022-12-29 00:00:00,700K-800K,https://p19-csp-adlib-site-sign-sg.ibyteimg.com/v0201/27b3e9cc287a4a0abac174335eaba876~tplv-xg5h56rn01-webp-75:540:960.webp?x-expires=1722674718&x-signature=91tsQrsrqIELenltMd1llaqIx5A%3D,https://v77.tiktokcdn.com/e038f44ba6b90a83cc8c272d226b6f40/64cd0f14/video/tos/alisg/tos-alisg-v-0000/a078a76e34c44c95b7ac202b13adec23/?a=475769&ch=0&cr=0&dr=3&cd=0%7C0%7C0%7C0&cv=1&br=6140&bt=3070&cs=0&ds=3&ft=d2A~l-Inz7Tjp2~fiyq8Z&mime_type=video_mp4&qs=0&rc=NmUzODo0Njo7O2k8OmVmPEBpajx1ZGQ6Zml1ZTMzODYzNEAxMV4yXmEwNi8xNDRhYl5fYSNxY19fcjRnZjVgLS1kMC1zcw%3D%3D&l=20230804084516AFD0C55B9773183612F3&btag=e00088000&cc=13,https://p19-csp-adlib-site-sign-sg.ibyteimg.com/v0201/27b3e9cc287a4a0abac174335eaba876~tplv-xg5h56rn01-webp-75:540:960.webp?x-expires=1722674718&x-signature=91tsQrsrqIELenltMd1llaqIx5A%3D
1751122877474866,L'OREAL (U.K.) LIMITED,2022-12-07 00:00:00,2022-12-29 00:00:00,700K-800K,https://p19-csp-adlib-site-sign-sg.ibyteimg.com/v0201/1ef0982de4384da18c2f14733ccedd22~tplv-xg5h56rn01-webp-75:540:960.webp?x-expires=1722674718&x-signature=Uk7Zr9gvot95WuXJplnVVH6YcM4%3D,https://v16m.tiktokcdn.com/6d188f2b3c418ef6bc827cd958d9538a/64cd0f17/video/tos/alisg/tos-alisg-v-0000/7c280de3b59240269652cc127a5fcd54/?a=475769&ch=0&cr=0&dr=3&cd=0%7C0%7C0%7C0&cv=1&br=4804&bt=2402&cs=0&ds=3&ft=d2A~l-Inz7Tjp2~fiyq8Z&mime_type=video_mp4&qs=0&rc=OGY8ZDY0PGlpZ2g4NDVlOEBpM3RubmU6ZmU2OzMzODYzNEAwNjYtMTQwNS0xLjVgMC82YSMwNWZscjRvc19gLS1kMC1zcw%3D%3D&l=20230804084516AFD0C55B9773183612F3&btag=e00088000&cc=3,https://p19-csp-adlib-site-sign-sg.ibyteimg.com/v0201/1ef0982de4384da18c2f14733ccedd22~tplv-xg5h56rn01-webp-75:540:960.webp?x-expires=1722674718&x-signature=Uk7Zr9gvot95WuXJplnVVH6YcM4%3D
1757559759904817,Hype Puffer Case,2023-02-11 00:00:00,2023-02-28 00:00:00,600K-700K,,,
1751125834182657,L'OREAL (U.K.) LIMITED,2022-12-08 00:00:00,2022-12-29 00:00:00,600K-700K,https://p16-csp-adlib-site-sign-sg.ibyteimg.com/v0201/1ef0982de4384da18c2f14733ccedd22~tplv-xg5h56rn01-webp-75:540:960.webp?x-expires=1722674718&x-signature=oNS2F%2FXualZrW13uFKDpB%2BgVD6M%3D,https://v16m.tiktokcdn.com/6d188f2b3c418ef6bc827cd958d9538a/64cd0f17/video/tos/alisg/tos-alisg-v-0000/7c280de3b59240269652cc127a5fcd54/?a=475769&ch=0&cr=0&dr=3&cd=0%7C0%7C0%7C0&cv=1&br=4804&bt=2402&cs=0&ds=3&ft=d2A~l-Inz7Tjp2~fiyq8Z&mime_type=video_mp4&qs=0&rc=OGY8ZDY0PGlpZ2g4NDVlOEBpM3RubmU6ZmU2OzMzODYzNEAwNjYtMTQwNS0xLjVgMC82YSMwNWZscjRvc19gLS1kMC1zcw%3D%3D&l=20230804084516AFD0C55B9773183612F3&btag=e00088000&cc=3,https://p16-csp-adlib-site-sign-sg.ibyteimg.com/v0201/1ef0982de4384da18c2f14733ccedd22~tplv-xg5h56rn01-webp-75:540:960.webp?x-expires=1722674718&x-signature=oNS2F%2FXualZrW13uFKDpB%2BgVD6M%3D
1755903235483682,Hype Puffer Case,2023-01-24 00:00:00,2023-02-04 00:00:00,500K-600K,,https://v16m.tiktokcdn.com/606786d8e3aa42a048c108195ef01bbf/64cd0f07/video/tos/maliva/tos-maliva-ve-0068c799-us/b9a9f29167b946b98df5b05346e1cdca/?a=475769&ch=0&cr=0&dr=3&cd=0%7C0%7C0%7C0&cv=1&br=3148&bt=1574&cs=0&ds=6&ft=d2A~l-Inz7Tjp2~fiyq8Z&mime_type=video_mp4&qs=0&rc=OTZkMzg5aTUzaDY5Z2c4PEBpamYzbWc6Zmp2aTMzZzczNEAzYTExL2AwNi0xMF41Yy0vYSNecWBycjRfLTRgLS1kMS9zcw%3D%3D&l=20230804084516AFD0C55B9773183612F3&btag=e00088000&cc=3,https://p16-sign-va.tiktokcdn.com/tos-maliva-p-0068c799-us/a23ae14d82fb4afc9b45469f664576f2_1674559613~tplv-noop.image?x-expires=1691160327&x-signature=3gwFyORKK7COi45uQyB02MHLzzQ%3D
1757564936305682,Hype Puffer Case,2023-02-11 00:00:00,2023-02-20 00:00:00,500K-600K,,,
1760986514243634,WE ARE TALA LIMITED,2023-03-21 00:00:00,2023-05-12 00:00:00,500K-600K,https://p16-csp-adlib-site-sign-sg.ibyteimg.com/v0201/osIzkCBLoQeFDB96DMkBLnRAhUQUIlVEKgtfNW~tplv-xg5h56rn01-webp-75:540:960.webp?x-expires=1722674718&x-signature=gqslSxmwVvIAAYc5U9kEmT%2FgZFc%3D,https://v16m.tiktokcdn.com/2ed86740f741ce0a5cddf9d490e86829/64cd0f06/video/tos/alisg/tos-alisg-v-0000/ogUzkCQLLQeFDB96uikBAnnAhQQUIlBIKgtfNW/?a=475769&ch=0&cr=0&dr=3&cd=0%7C0%7C0%7C0&cv=1&br=3044&bt=1522&cs=0&ds=3&ft=d2A~l-Inz7Tjp2~fiyq8Z&mime_type=video_mp4&qs=0&rc=NTM7NGZlZGRkODM5ZTgzO0Bpajg1NWU6Zmk4ajMzODYzNEBgNS8yY2FeNTYxYzJfMy0yYSNyY2ZxcjRfZjFgLS1kMC1zcw%3D%3D&l=20230804084516AFD0C55B9773183612F3&btag=e00088000&cc=3,https://p16-csp-adlib-site-sign-sg.ibyteimg.com/v0201/osIzkCBLoQeFDB96DMkBLnRAhUQUIlVEKgtfNW~tplv-xg5h56rn01-webp-75:540:960.webp?x-expires=1722674718&x-signature=gqslSxmwVvIAAYc5U9kEmT%2FgZFc%3D
1755640977997825,Hype Puffer Case,2023-01-21 00:00:00,2023-02-02 00:00:00,500K-600K,,https://v16m.tiktokcdn.com/b4d0b70f6b436158a175b860bf6abfb7/64cd0f05/video/tos/maliva/tos-maliva-ve-0068c799-us/d5f5c71f8bcd41bd8f8a02cccb94da17/?a=475769&ch=0&cr=0&dr=3&cd=0%7C0%7C0%7C0&cv=1&br=3262&bt=1631&cs=0&ds=6&ft=d2A~l-Inz7Tjp2~fiyq8Z&mime_type=video_mp4&qs=0&rc=NWlkZGU4O2k0MzM3aWg0ZEBpajw0czY6ZmR0aTMzZzczNEAvMV8tY2BfXy8xNTRfMjRgYSNqMC0ycjQwZjFgLS1kMS9zcw%3D%3D&l=20230804084516AFD0C55B9773183612F3&btag=e00088000&cc=3,https://p16-sign-va.tiktokcdn.com/tos-maliva-p-0068c799-us/21763d85bf694698ae934e526a7ac23f_1674160446~tplv-noop.image?x-expires=1691160325&x-signature=3VgwcbJeP6qVPrIFvACfK3DUaIA%3D
1752914298414097,"Hypemasters, Inc.",2022-12-22 00:00:00,2023-01-05 00:00:00,400K-500K,https://p16-csp-adlib-site-sign-sg.ibyteimg.com/v0201/oIcbkABdioDD9hIxm0ftAAw8XQ0lDEEUm0zCBT~tplv-xg5h56rn01-webp-75:540:960.webp?x-expires=1722674718&x-signature=pJqqj%2FDH51qWwBVU%2Bekswe7Dimo%3D,https://v16m.tiktokcdn.com/69895d3db599140bf2aa4073e4f64d0e/64cd0f16/video/tos/alisg/tos-alisg-v-0000/ogGA9DxcQQmXhTUBfiAO3IUzkwHo0oBAEztwcC/?a=475769&ch=0&cr=0&dr=3&cd=0%7C0%7C0%7C0&cv=1&br=4524&bt=2262&cs=0&ds=3&ft=d2A~l-Inz7Tjp2~fiyq8Z&mime_type=video_mp4&qs=0&rc=aGllaTU2PGVnZDc3OGhkOUBpM3FuOjU6Zjw3aDMzODYzNEBeMmBjLmEzNl8xYWBfLzUxYSMvLzRecjRvMGZgLS1kMC1zcw%3D%3D&l=20230804084516AFD0C55B9773183612F3&btag=e00088000&cc=3,https://p16-csp-adlib-site-sign-sg.ibyteimg.com/v0201/oIcbkABdioDD9hIxm0ftAAw8XQ0lDEEUm0zCBT~tplv-xg5h56rn01-webp-75:540:960.webp?x-expires=1722674718&x-signature=pJqqj%2FDH51qWwBVU%2Bekswe7Dimo%3D
1762350732120097,"Sculpted By Aimee Connolly Cosmetics Ltd,",2023-04-05 00:00:00,2023-07-03 00:00:00,400K-500K,https://p19-csp-adlib-site-sign-sg.ibyteimg.com/v0201/oYbtSDfFAdeQtC0I4bgeDZakIC3blB5IjAn2Gp~tplv-xg5h56rn01-webp-75:540:960.webp?x-expires=1722674718&x-signature=ibJTcxe8hQhpUE%2BpI6f52pXcAPI%3D,https://v16m.tiktokcdn.com/571d17e16aa4519a2bb5f788ef0aeb6b/64cd0f0b/video/tos/alisg/tos-alisg-v-0000/oMxhi2t1I0ODQNSBWIRztB8NsfAfQrNgCyEkE7/?a=475769&ch=0&cr=0&dr=3&cd=0%7C0%7C0%7C0&cv=1&br=3346&bt=1673&cs=0&ds=3&ft=d2A~l-Inz7Tjp2~fiyq8Z&mime_type=video_mp4&qs=0&rc=ZjNpaTw8ODg2PDg5NGRmZEBpM3BkaGg6ZmlnazMzODYzNEBeNDMvYzNgNjYxMTBgMS82YSNybnBucjRvajFgLS1kMC1zcw%3D%3D&l=20230804084516AFD0C55B9773183612F3&btag=e00088000&cc=3,https://p19-csp-adlib-site-sign-sg.ibyteimg.com/v0201/oYbtSDfFAdeQtC0I4bgeDZakIC3blB5IjAn2Gp~tplv-xg5h56rn01-webp-75:540:960.webp?x-expires=1722674718&x-signature=ibJTcxe8hQhpUE%2BpI6f52pXcAPI%3D
1756558405857377,TECHSTYLE FASHION GROUP LTD,2023-02-03 00:00:00,2023-02-12 00:00:00,400K-500K,https://p19-csp-adlib-site-sign-sg.ibyteimg.com/v0201/osnZeQX9QBB2oIDYabNSDJPBWlE4Ugz9DSAnej~tplv-xg5h56rn01-webp-75:540:960.webp?x-expires=1722674718&x-signature=5KXt0upqrWtTNMif6dSKqz2y60k%3D,https://v16m.tiktokcdn.com/8bf3aca71205c9f6950d67d3423932f6/64cd0f05/video/tos/alisg/tos-alisg-v-0000/oUWBl1nyeFz92kyfYNc4ABBDSPoQoQgbgjU9MD/?a=475769&ch=0&cr=0&dr=3&cd=0%7C0%7C0%7C0&cv=1&br=5874&bt=2937&cs=0&ds=3&ft=d2A~l-Inz7Tjp2~fiyq8Z&mime_type=video_mp4&qs=0&rc=MzU2Zmc3NWU0PDxpNTc5NUBpM3NqcTo6ZnluaTMzODYzNEAzMzIyXmE2X2AxXl5hY2IzYSNyLmpocjRfZmBgLS1kMC1zcw%3D%3D&l=20230804084516AFD0C55B9773183612F3&btag=e00088000&cc=3,https://p19-csp-adlib-site-sign-sg.ibyteimg.com/v0201/osnZeQX9QBB2oIDYabNSDJPBWlE4Ugz9DSAnej~tplv-xg5h56rn01-webp-75:540:960.webp?x-expires=1722674718&x-signature=5KXt0upqrWtTNMif6dSKqz2y60k%3D
1755485034222625,Hype Puffer Case,2023-01-19 00:00:00,2023-01-28 00:00:00,300K-400K,,https://v16m.tiktokcdn.com/b4d0b70f6b436158a175b860bf6abfb7/64cd0f05/video/tos/maliva/tos-maliva-ve-0068c799-us/d5f5c71f8bcd41bd8f8a02cccb94da17/?a=475769&ch=0&cr=0&dr=3&cd=0%7C0%7C0%7C0&cv=1&br=3262&bt=1631&cs=0&ds=6&ft=d2A~l-Inz7Tjp2~fiyq8Z&mime_type=video_mp4&qs=0&rc=NWlkZGU4O2k0MzM3aWg0ZEBpajw0czY6ZmR0aTMzZzczNEAvMV8tY2BfXy8xNTRfMjRgYSNqMC0ycjQwZjFgLS1kMS9zcw%3D%3D&l=20230804084516AFD0C55B9773183612F3&btag=e00088000&cc=3,https://p16-sign-va.tiktokcdn.com/tos-maliva-p-0068c799-us/21763d85bf694698ae934e526a7ac23f_1674160446~tplv-noop.image?x-expires=1691160325&x-signature=3VgwcbJeP6qVPrIFvACfK3DUaIA%3D
1756187794708497,Hype Puffer Case,2023-01-27 00:00:00,2023-02-06 00:00:00,300K-400K,,,
1755665450607650,Hype Puffer Case,2023-01-21 00:00:00,2023-02-02 00:00:00,300K-400K,,https://v77.tiktokcdn.com/4ee62a8400c158ff3def35215dc83c38/64cd0f0b/video/tos/maliva/tos-maliva-ve-0068c799-us/b55c4a017d004f1cb170292b5f797c2f/?a=475769&ch=0&cr=0&dr=3&cd=0%7C0%7C0%7C0&cv=1&br=2608&bt=1304&cs=0&ds=6&ft=d2A~l-Inz7Tjp2~fiyq8Z&mime_type=video_mp4&qs=0&rc=Zjc7ZGc7ZDszaDpmZTQ7OUBpM3V3cGk6ZnA3aTMzZzczNEBfNTVfL2JhNS4xNmEyXy4zYSNvcHIzcjRnaTNgLS1kMS9zcw%3D%3D&l=20230804084516AFD0C55B9773183612F3&btag=e00088000&cc=13,https://p16-sign-va.tiktokcdn.com/tos-maliva-p-0068c799-us/df08eaa56d6848458b7f0d97b1e47b24_1674332909~tplv-noop.image?x-expires=1691160331&x-signature=1EJC%2Fvbi3swpy863isvWW0KmoqI%3D
1750865864749105,"DR. SQUATCH, INC.",2022-11-30 00:00:00,2022-12-05 00:00:00,300K-400K,https://p19-csp-adlib-site-sign-sg.ibyteimg.com/v0201/ok5CnQSUGXjA6YRcFZDaB8hDNB2nRgMQ9Ibefu~tplv-xg5h56rn01-webp-75:540:960.webp?x-expires=1722674718&x-signature=6JC%2BIQlrk7cpVQCgn%2BaYtcWBNWo%3D,https://v77.tiktokcdn.com/6b59775e8b87e0bca607a2848ac533a2/64cd0f16/video/tos/alisg/tos-alisg-v-0000/oA8M2GRjhAEfB3UQDXFnCNcBQyGbU5eNDRdgIn/?a=475769&ch=0&cr=0&dr=3&cd=0%7C0%7C0%7C0&cv=1&br=4078&bt=2039&cs=0&ds=3&ft=d2A~l-Inz7Tjp2~fiyq8Z&mime_type=video_mp4&qs=0&rc=ZTYzaDVoN2g1ZzY4aTg4Z0BpanF3Nzg6Zjg6aDMzODYzNEAzLWNeMy8tNWMxLTUxMTNeYSNic19ucjQwMzBgLS1kMC1zcw%3D%3D&l=20230804084516AFD0C55B9773183612F3&btag=e00088000&cc=13,https://p19-csp-adlib-site-sign-sg.ibyteimg.com/v0201/ok5CnQSUGXjA6YRcFZDaB8hDNB2nRgMQ9Ibefu~tplv-xg5h56rn01-webp-75:540:960.webp?x-expires=1722674718&x-signature=6JC%2BIQlrk7cpVQCgn%2BaYtcWBNWo%3D
1751125834188833,L'OREAL (U.K.) LIMITED,2022-12-08 00:00:00,2022-12-29 00:00:00,300K-400K,https://p16-csp-adlib-site-sign-sg.ibyteimg.com/v0201/27b3e9cc287a4a0abac174335eaba876~tplv-xg5h56rn01-webp-75:540:960.webp?x-expires=1722674718&x-signature=8ROJZno2Ax47IsnGhlHO0SLXa9M%3D,https://v77.tiktokcdn.com/e038f44ba6b90a83cc8c272d226b6f40/64cd0f14/video/tos/alisg/tos-alisg-v-0000/a078a76e34c44c95b7ac202b13adec23/?a=475769&ch=0&cr=0&dr=3&cd=0%7C0%7C0%7C0&cv=1&br=6140&bt=3070&cs=0&ds=3&ft=d2A~l-Inz7Tjp2~fiyq8Z&mime_type=video_mp4&qs=0&rc=NmUzODo0Njo7O2k8OmVmPEBpajx1ZGQ6Zml1ZTMzODYzNEAxMV4yXmEwNi8xNDRhYl5fYSNxY19fcjRnZjVgLS1kMC1zcw%3D%3D&l=20230804084516AFD0C55B9773183612F3&btag=e00088000&cc=13,https://p16-csp-adlib-site-sign-sg.ibyteimg.com/v0201/27b3e9cc287a4a0abac174335eaba876~tplv-xg5h56rn01-webp-75:540:960.webp?x-expires=1722674718&x-signature=8ROJZno2Ax47IsnGhlHO0SLXa9M%3D
1757100762829825,Hype Puffer Case,2023-02-06 00:00:00,2023-02-08 00:00:00,300K-400K,,https://v77.tiktokcdn.com/e4b8f9d9dc003380b77dd09280c7b355/64cd0f0a/video/tos/maliva/tos-maliva-ve-0068c799-us/c093317e7b084c0d9cc64fb2c4403052/?a=475769&ch=0&cr=0&dr=3&cd=0%7C0%7C0%7C0&cv=1&br=2392&bt=1196&cs=0&ds=6&ft=d2A~l-Inz7Tjp2~fiyq8Z&mime_type=video_mp4&qs=0&rc=MzdlOWU8NTM3aTRkN2c3ZkBpajs1aTU6ZjxpaTMzZzczNEAxNDU0Yy0yXzMxNmItYS8xYSMzcWxicjRnX2RgLS1kMS9zcw%3D%3D&l=20230804084516AFD0C55B9773183612F3&btag=e00088000&cc=13,https://p16-sign-va.tiktokcdn.com/tos-maliva-p-0068c799-us/f82364f206b644aaa820969b02dbf03b_1675687348~tplv-noop.image?x-expires=1691160330&x-signature=ZaJOqDRxQjliMWkaLxziOovlrW8%3D
1752914298411057,"Hypemasters, Inc.",2022-12-22 00:00:00,2023-01-05 00:00:00,200K-300K,https://p16-csp-adlib-site-sign-sg.ibyteimg.com/v0201/415b8954908358951c0b4f1496ad2916~tplv-xg5h56rn01-webp-75:540:960.webp?x-expires=1722674718&x-signature=qMiPf9LFb6sXN8wL8UgILoQcGMs%3D,https://v77.tiktokcdn.com/789cacde3d2d8c9414c5a49e1dec4b2b/64cd0f13/video/tos/alisg/tos-alisg-v-0000/oAAQhfhTnszHzFhGmtxAIABEwohhAVNUnxNlIW/?a=475769&ch=0&cr=0&dr=3&cd=0%7C0%7C0%7C0&cv=1&br=4672&bt=2336&cs=0&ds=3&ft=d2A~l-Inz7Tjp2~fiyq8Z&mime_type=video_mp4&qs=0&rc=PDlnNTxoNTllNmQ3Njc8ZkBpMzpwdjc6ZjxrZzMzODYzNEBgLTReLWI2Nl8xYl4xXzA2YSNfMGBtcjRvNGRgLS1kMC1zcw%3D%3D&l=20230804084516AFD0C55B9773183612F3&btag=e00088000&cc=13,https://p16-csp-adlib-site-sign-sg.ibyteimg.com/v0201/415b8954908358951c0b4f1496ad2916~tplv-xg5h56rn01-webp-75:540:960.webp?x-expires=1722674718&x-signature=qMiPf9LFb6sXN8wL8UgILoQcGMs%3D
1757819942424593,Hype Puffer Case,2023-02-14 00:00:00,2023-03-11 00:00:00,200K-300K,,https://v77.tiktokcdn.com/9bfb5dbfa68c76e970ed62127637b1a6/64cd0f06/video/tos/useast2a/tos-useast2a-ve-0068c001/o8XxBbKXBAvIQI0goIfo9pkzKtXjwSdhgCAPrU/?a=475769&ch=0&cr=0&dr=3&cd=0%7C0%7C0%7C0&cv=1&br=3362&bt=1681&cs=0&ds=6&ft=d2A~l-Inz7Tjp2~fiyq8Z&mime_type=video_mp4&qs=0&rc=ZTQ2Nzc5NWVnZTdmaDQ0NEBpMzZ5bzs6Zjh0aTMzNzczM0BeMWI0MjVjXmMxLWJhLzYvYSNoLm5fcjRfXmlgLS1kMTZzcw%3D%3D&l=20230804084516AFD0C55B9773183612F3&btag=e00088000&cc=13,https://p16-sign-va.tiktokcdn.com/tos-maliva-p-0068/d73c3a4188f34ddb9238cca156904fda_1676387612~tplv-noop.image?x-expires=1691160326&x-signature=y%2Fyg9DBMbLHHfnhOFMawTh%2FwH9U%3D
